Oussama Elazouzzi,2024-12-15 20:06:08,Image
Oussama Elazouzzi,2024-12-15 20:48:03,Image
Oussama Elazouzzi,2024-12-15 21:09:20,Image
Inconnu,2024-12-15 21:11:01,Image
Célin  Dion,2024-12-15 21:11:46,Image
Donald J Trump,2024-12-15 21:33:09,Vidéo
Donald J Trump,2024-12-15 21:33:10,Vidéo
Inconnu,2024-12-15 21:33:12,Vidéo
Donald J Trump,2024-12-15 21:33:13,Vidéo
Donald J Trump,2024-12-15 21:33:15,Vidéo
Donald J Trump,2024-12-15 21:33:16,Vidéo
Donald J Trump,2024-12-15 21:33:18,Vidéo
Inconnu,2024-12-15 21:33:19,Vidéo
Donald J Trump,2024-12-15 21:33:21,Vidéo
Donald J Trump,2024-12-15 21:33:23,Vidéo
Donald J Trump,2024-12-15 21:33:24,Vidéo
Donald J Trump,2024-12-15 21:33:26,Vidéo
Donald J Trump,2024-12-15 21:33:27,Vidéo
Donald J Trump,2024-12-15 21:33:29,Vidéo
Inconnu,2024-12-15 21:33:35,Vidéo
Donald J Trump,2024-12-15 21:34:07,Vidéo
Donald J Trump,2024-12-15 21:34:37,Vidéo
Donald J Trump,2024-12-15 21:35:08,Vidéo
Donald J Trump,2024-12-15 21:35:39,Vidéo
Célin  Dion,2024-12-15 21:58:54,Image
Célin  Dion,2024-12-16 10:31:53,Image
Inconnu,2024-12-16 10:34:40,Image
Inconnu,2024-12-16 10:36:45,Image
ElGrande Toto,2024-12-16 10:37:26,Image
ElGrande Toto,2024-12-16 14:07:54,Image
Inconnu,2024-12-16 14:08:53,Image
Arthur Schopenhaeur,2024-12-16 14:10:06,Image
Inconnu,2024-12-17 15:53:40,Image
Page Larry,2024-12-17 15:54:30,Image
